{"GW170817": {"skymap": "GW170817_skymap.fits.gz", "counterpart_cz": 3017, "counterpart_sigma_cz": 166, "counterpart_ra": 3.446023854265526, "counterpart_dec": -0.40813554930525175},"GW170817": {"skymap": "GW170817_skymap.fits.gz", "counterpart_cz": 3017, "counterpart_sigma_cz": 160, "counterpart_ra": 3.442547863247841, "counterpart_dec": -0.40813554930525175}}

