{
    "GW170817": {
        "Skymap": "GW170817_skymap.fits.gz", 
        "Counterparts":{
            "cp1":{"Name":"EM1", 
                   "Parameters":{"counterpart_cz": 3017, "counterpart_sigma_cz": 166, "counterpart_ra": 3.446023854265526, "counterpart_dec": -0.40813554930525175}
            },
            "cp2":{"Name":"EM2", 
                   "Parameters":{"counterpart_cz": 3017, "counterpart_sigma_cz": 166, "counterpart_ra": 3.446023854265526, "counterpart_dec": -0.40813554930525175}
            } 
        }
    },
    "GW170830": {
        "Skymap": "GW170817_skymap.fits.gz", 
        "Counterparts":{
            "cp1":{"Name":"EM1", 
                   "Parameters":{"counterpart_cz": 3017, "counterpart_sigma_cz": 166, "counterpart_ra": 3.446023854265526, "counterpart_dec": -0.40813554930525175}
            } 
        }
    }
}